{"headOnOff":"true", "headAmbient":[100, 100, 150], "headDiffuse":[70, 70, 70], "headSpecular":[105, 105, 105], "spotOnOff":"false", "spotAmbient":[57, 57, 57], "spotDiffuse":[199, 203, 255], "spotSpecular":[105, 105, 105], "spotCutoff":57, "spotBlend":0.54, "spotAttenuation":18, "pointOnOff":"false", "pointAmbient":[100, 100, 100], "pointDiffuse":[150, 150, 150], "pointSpecular":[255, 120, 120], "pointAttenuation":15, "directionalOnOff":"true", "directionalAmbient":[0, 0, 0], "directionalDiffuse":[150, 150, 150], "directionalSpecular":[0, 0, 0], "hemiOnOff":"false", "hemiDiffuse":[128, 128, 128], "hemiGround":[105, 105, 105], "materialAmbient":[20, 20, 20], "materialDiffuse":[212, 212, 212], "materialSpecular":[64, 64, 64], "materialEmission":[0, 0, 0], "materialShininess":0.1, "directionalMatrix":[1, 0, 0, 0, 0, 1, 0, 0, 0, 0, 1, 0, 15.069966053754, 12.641271189338, -12.43498130191, 1], "spotMatrix":[1, 0, 0, 0, 0, 1, 0, 0, 0, 0, 1, 0, -10.732726509554, -13.16142137397, -12.43498130191, 1], "pointMatrix":[1, 0, 0, 0, 0, 1, 0, 0, 0, 0, 1, 0, 0, -3, 15, 1], "hemiMatrix":[1, 0, 0, 0, 0, 1, 0, 0, 0, 0, 1, 0, 15.069966053754, 12.641271189338, 13.367711261398, 1], "logo1":["", "w", "s", 240, 66], "title":""}